"","Nucleotide","Position","TAD","subTAD","noTAD","subtad-tad","tad-notad","subtad-notad"
"1","A",1,0.238321167883212,0.229253299584162,0.234597156398104,-0.00906786829904968,0.0037240114851074,-0.00534385681394228
"2","C",1,0.263868613138686,0.261977942505876,0.258293838862559,-0.00189067063281018,0.0055747742761269,0.00368410364331673
"3","G",1,0.250912408759124,0.268125112999458,0.272942697113313,0.0172127042403336,-0.0220302883541891,-0.00481758411385558
"4","T",1,0.246897810218978,0.240643644910504,0.234166307626023,-0.00625416530847367,0.0127315025929548,0.00647733728448116
"5","A",2,0.23521897810219,0.234858072681251,0.251400258509263,-0.00036090542093864,-0.0161812804070735,-0.0165421858280121
"6","C",2,0.255839416058394,0.254926776351474,0.25441619991383,-0.000912639706920626,0.00142321614456392,0.000510576437643295
"7","G",2,0.261496350364963,0.272283493039233,0.257862990090478,0.0107871426742699,0.00363336027448524,0.0144205029487552
"8","T",2,0.247445255474453,0.237931657928042,0.236320551486428,-0.00951359754641062,0.0111247039880243,0.00161110644161366
"9","A",3,0.246350364963504,0.240824444042669,0.244722102542008,-0.00552592092083506,0.00162826242149589,-0.00389765849933918
"10","C",3,0.243430656934307,0.242813234496474,0.253123653597587,-0.000617422437832166,-0.00969299666328069,-0.0103104191011129
"11","G",3,0.25985401459854,0.278973060929308,0.262386902197329,0.0191190463307674,-0.00253288759878861,0.0165861587319788
"12","T",3,0.25036496350365,0.237389260531549,0.239767341663076,-0.0129757029721002,0.0105976218405734,-0.00237808113152679
"13","A",4,0.262226277372263,0.253661182426324,0.241706161137441,-0.00856509494593843,0.020520116234822,0.0119550212888836
"14","C",4,0.232664233576642,0.243717230157295,0.246230073244291,0.0110529965806529,-0.0135658396676489,-0.00251284308699601
"15","G",4,0.266970802919708,0.278069065268487,0.272727272727273,0.0110982623487787,-0.00575646980756467,0.00534179254121403
"16","T",4,0.238138686131387,0.224552522147894,0.239336492890995,-0.0135861639834932,-0.0011978067596084,-0.0147839707431016
"17","A",5,0.249087591240876,0.246429217139758,0.245368375700129,-0.00265837410111816,0.00371921554074664,0.00106084143962848
"18","C",5,0.232481751824818,0.238474055324534,0.247307195174494,0.00599230349971694,-0.0148254433496763,-0.00883313984995932
"19","G",5,0.297080291970803,0.291629000180799,0.280697975010771,-0.00545129179000381,0.0163823169600317,0.0109310251700279
"20","T",5,0.221350364963504,0.223467727354909,0.226626454114606,0.00211736239140503,-0.00527608915110211,-0.00315872675969708
"21","A",6,0.231569343065693,0.222925329958416,0.22404136148212,-0.00864401310727722,0.00752798158357365,-0.00111603152370357
"22","C",6,0.263686131386861,0.272283493039233,0.275527789745799,0.00859736165237213,-0.0118416583589379,-0.00324429670656579
"23","G",6,0.29543795620438,0.297052974145724,0.278759155536407,0.00161501794134455,0.0166788006679728,0.0182938186093174
"24","T",6,0.209306569343066,0.207738202856626,0.221671693235674,-0.0015683664864394,-0.0123651238926086,-0.013933490379048
"25","A",7,0.210583941605839,0.20791900198879,0.221671693235674,-0.00266493961704894,-0.0110877516298349,-0.0137526912468838
"26","C",7,0.257299270072993,0.251129994576026,0.256570443774235,-0.00616927549696666,0.000728826298757423,-0.00544044919820924
"27","G",7,0.269343065693431,0.270475501717592,0.26303317535545,0.00113243602416113,0.00630989033798041,0.00744232636214154
"28","T",7,0.262773722627737,0.270475501717592,0.25872468763464,0.00770177908985453,0.004049034993097,0.0117508140829515
"29","A",8,0.19507299270073,0.187850298318568,0.211762171477811,-0.00722269438216186,-0.0166891787770814,-0.0239118731592432
"30","C",8,0.200182481751825,0.213342975953715,0.213485566566135,0.0131604942018906,-0.0133030848143105,-0.000142590612419863
"31","G",8,0.35529197080292,0.348038329416019,0.330676432572167,-0.00725364138690088,0.0246155382307525,0.0173618968438516
"32","T",8,0.249452554744526,0.250768396311698,0.244075829383886,0.00131584156717218,0.0053767253606393,0.00669256692781148
"33","A",9,0.182664233576642,0.180799132164166,0.208315381301163,-0.00186510141247673,-0.025651147724521,-0.0275162491369977
"34","C",9,0.269890510948905,0.269029108660278,0.254847048685911,-0.000861402288626689,0.0150434622629939,0.0141820599743672
"35","G",9,0.329744525547445,0.338817573675646,0.319689788884102,0.00907304812820109,0.0100547366633436,0.0191277847915447
"36","T",9,0.217700729927007,0.21135418549991,0.217147781128824,-0.00634654442709767,0.000552948798183517,-0.00579359562891416
"37","A",10,0.262956204379562,0.262339540770204,0.273373545885394,-0.000616663609357693,-0.0104173415058322,-0.0110340051151899
"38","C",10,0.304379562043796,0.304646537696619,0.291469194312796,0.000266975652823409,0.0129103677309994,0.0131773433838228
"39","G",10,0.200547445255474,0.212438980292895,0.21973287376131,0.0118915350374201,-0.0191854285058353,-0.00729389346841519
"40","T",10,0.232116788321168,0.220574941240282,0.2154243860405,-0.0115418470808858,0.0166924022806681,0.00515055519978225
"41","A",11,0.320255474452555,0.315675284758633,0.308487720809996,-0.0045801896939216,0.0117677536425591,0.00718756394863745
"42","C",11,0.220802919708029,0.227987705659013,0.231365790607497,0.00718478595098362,-0.0105628708994676,-0.00337808494848393
"43","G",11,0.25492700729927,0.256373169408787,0.255924170616114,0.00144616210951676,-0.00099716331684363,0.000448998792673128
"44","T",11,0.204014598540146,0.199963840173567,0.204222317966394,-0.00405075836657881,-0.00020771942624781,-0.00425847779282662
"45","A",12,0.233029197080292,0.236304465738564,0.236320551486428,0.00327526865827249,-0.00329135440613632,-1.60857478638254e-05
"46","C",12,0.209489051094891,0.213704574218044,0.21994829814735,0.00421552312315324,-0.0104592470524598,-0.00624372392930653
"47","G",12,0.243978102189781,0.248598806725728,0.255062473071952,0.00462070453594668,-0.0110843708821707,-0.00646366634622403
"48","T",12,0.313503649635037,0.301392153317664,0.28866867729427,-0.0121114963173725,0.0248349723407668,0.0127234760233944
"49","A",13,0.189233576642336,0.174651961670584,0.199267557087462,-0.0145816149717518,-0.0100339804451265,-0.0246155954168783
"50","C",13,0.178832116788321,0.192912674019165,0.197759586385179,0.0140805572308435,-0.0189274695968576,-0.00484691236601409
"51","G",13,0.250729927007299,0.254384378954981,0.248384317104696,0.00365445194768171,0.00234560990260305,0.00600006185028476
"52","T",13,0.381204379562044,0.37805098535527,0.354588539422663,-0.00315339420677346,0.0266158401393811,0.0234624459326077
"53","A",14,0.238868613138686,0.222382932561924,0.22425678586816,-0.0164856805767624,0.0146118272705258,-0.00187385330623657
"54","C",14,0.243978102189781,0.248598806725728,0.256355019388195,0.00462070453594668,-0.0123769171984137,-0.00775621266246701
"55","G",14,0.241605839416058,0.253118785029832,0.242567858681603,0.0115129456137735,-0.000962019265544345,0.0105509263482291
"56","T",14,0.275547445255474,0.275899475682517,0.276820336062042,0.000352030427042238,-0.00127289080656773,-0.00092086037952549
"57","A",15,0.18448905109489,0.186223106129091,0.201637225333908,0.00173405503420007,-0.0171481742390173,-0.0154141192048172
"58","C",15,0.369890510948905,0.388718134152956,0.34037052994399,0.018827623204051,0.0295199810049155,0.0483476042089664
"59","G",15,0.189416058394161,0.185499909600434,0.207884532529082,-0.00391614879372668,-0.0184684741349217,-0.0223846229286484
"60","T",15,0.256204379562044,0.239558850117519,0.25010771219302,-0.0166455294445244,0.00609666736902353,-0.0105488620755008
"61","A",16,0.206751824817518,0.20791900198879,0.206376561826799,0.00116717717127221,0.000375262990719466,0.00154244016199168
"62","C",16,0.320255474452555,0.337190381486169,0.320551486428264,0.0169349070336141,-0.000296011975708943,0.0166388950579052
"63","G",16,0.216240875912409,0.200867835834388,0.216286083584662,-0.0153730400780208,-4.52076722530226e-05,-0.0154182477502738
"64","T",16,0.256751824817518,0.254022780690653,0.256785868160276,-0.00272904412686553,-3.40433427575282e-05,-0.00276308746962306
"65","A",17,0.241058394160584,0.23178448743446,0.239551917277036,-0.00927390672612363,0.00150647688354819,-0.00776742984257545
"66","C",17,0.312043795620438,0.321460856987886,0.299224472210254,0.00941706136744852,0.0128193234101837,0.0222363847776322
"67","G",17,0.236313868613139,0.240643644910504,0.237613097802671,0.00432977629736575,-0.00129922918953257,0.00303054710783318
"68","T",17,0.210583941605839,0.206111010667149,0.223610512710039,-0.00447293093869061,-0.0130265711041994,-0.01749950204289
"69","A",18,0.254744525547445,0.241005243174833,0.236535975872469,-0.0137392823726125,0.0182085496749765,0.00446926730236399
"70","C",18,0.288321167883212,0.308262520339902,0.291038345540715,0.0199413524566907,-0.00271717765750357,0.0172241747991871
"71","G",18,0.238686131386861,0.237570059663714,0.25441619991383,-0.0011160717231477,-0.0157300685269689,-0.0168461402501166
"72","T",18,0.218248175182482,0.213162176821551,0.218009478672986,-0.00508599836093049,0.000238696509495956,-0.00484730185143453
"73","A",19,0.261313868613139,0.246067618875429,0.248168892718656,-0.0152462497377093,0.013144975894483,-0.00210127384322634
"74","C",19,0.261131386861314,0.277165069607666,0.273588970271435,0.016033682746352,-0.0124575834101209,0.00357609933623115
"75","G",19,0.238868613138686,0.235400470077744,0.239551917277036,-0.00346814306094251,-0.000683304138349633,-0.00415144719929214
"76","T",19,0.238686131386861,0.241366841439161,0.238690219732874,0.00268071005229978,-4.08834601245411e-06,0.00267662170628732
"77","A",20,0.264416058394161,0.270113903453263,0.255277897457992,0.00569784505910281,0.00913816093616837,0.0148360059952712
"78","C",20,0.229197080291971,0.222925329958416,0.244291253769927,-0.00627175033355459,-0.0150941734779559,-0.0213659238115105
"79","G",20,0.216058394160584,0.223829325619237,0.228996122361051,0.00777093145865307,-0.0129377282004673,-0.00516679674181425
"80","T",20,0.290328467153285,0.283131440969083,0.27143472641103,-0.00719702618420137,0.018893740742255,0.0116967145580536
"81","A",21,0.240510948905109,0.223829325619237,0.221456268849634,-0.0166816232858725,0.0190546800554757,0.00237305676960323
"82","C",21,0.228284671532847,0.246790815404086,0.24558380008617,0.0185061438712394,-0.0172991285533231,0.00120701531791631
"83","G",21,0.274270072992701,0.285481829687218,0.268634209392503,0.0112117566945168,0.00563586360019752,0.0168476202947143
"84","T",21,0.256934306569343,0.243898029289459,0.264325721671693,-0.0130362772798837,-0.00739141510235014,-0.0204276923822338
"85","A",22,0.160401459854015,0.164527210269391,0.168892718655752,0.00412575041537611,-0.00849125880173723,-0.00436550838636113
"86","C",22,0.290510948905109,0.295787380220575,0.298147350280052,0.00527643131546546,-0.0076364013749422,-0.00235997005947675
"87","G",22,0.18485401459854,0.180618333032001,0.196251615682895,-0.0042356815665387,-0.0113976010843552,-0.0156332826508939
"88","T",22,0.364233576642336,0.359067076478033,0.336708315381301,-0.00516650016430281,0.0275252612610346,0.0223587610967318
"89","A",23,0.220620437956204,0.211715783764238,0.233304610081861,-0.00890465419196643,-0.0126841721256569,-0.0215888263176233
"90","C",23,0.197262773722628,0.2144277707467,0.205730288668677,0.0171649970240727,-0.00846751494604955,0.00869748207802312
"91","G",23,0.34507299270073,0.350750316398481,0.315812149935373,0.00567732369775137,0.0292608427653572,0.0349381664631086
"92","T",23,0.237043795620438,0.22310612909058,0.245152951314089,-0.0139376665298576,-0.00810915569365081,-0.0220468222235084
"93","A",24,0.261861313868613,0.244440426685952,0.23696682464455,-0.0174208871826613,0.0248944892240634,0.00747360204140213
"94","C",24,0.156569343065693,0.173747966009763,0.171477811288238,0.0171786229440697,-0.0149084682225444,0.00227015472152534
"95","G",24,0.392335766423358,0.396311697703851,0.394226626454115,0.00397593128049334,-0.00189086003075695,0.00208507124973639
"96","T",24,0.189233576642336,0.185499909600434,0.197328737613098,-0.00373366704190184,-0.00809516097076204,-0.0118288280126639
"97","A",25,0.102919708029197,0.104501898390888,0.0999569151227919,0.00158219036169065,0.00296279290640518,0.00454498326809583
"98","C",25,0.730474452554745,0.755921171578376,0.743214131839724,0.0254467190236319,-0.0127396792849798,0.0127070397386522
"99","G",25,0.0755474452554745,0.0679804736937263,0.0885394226626454,-0.00756697156174818,-0.012991977407171,-0.0205589489689191
"100","T",25,0.0910583941605839,0.0715964563370096,0.0682895303748384,-0.0194619378235744,0.0227688637857455,0.00330692596217115
"101","A",26,0.00912408759124088,0.00705116615440246,0.000646273158121499,-0.00207292143683842,0.00847781443311938,0.00640489299628096
"102","C",26,0.982299270072993,0.98698246248418,0.998276604911676,0.00468319241118742,-0.0159773348386834,-0.0112941424274959
"103","G",26,0.00401459854014599,0.00289278611462665,0.000646273158121499,-0.00112181242551934,0.00336832538202449,0.00224651295650515
"104","T",26,0.00456204379562044,0.00307358524679082,0.000430848772081,-0.00148845854882962,0.00413119502353944,0.00264273647470982
"105","A",27,0.720255474452555,0.697523051889351,0.682679879362344,-0.0227324225632038,0.0375755950902109,0.0148431725270071
"106","C",27,0.0197080291970803,0.030555053335744,0.0467470917707885,0.0108470241386637,-0.0270390625737082,-0.0161920384350445
"107","G",27,0.114963503649635,0.112818658470439,0.0708746230073244,-0.00214484517919569,0.0440888806423106,0.0419440354631149
"108","T",27,0.14507299270073,0.159103236304466,0.199698405859543,0.0140302436037358,-0.0546254131588134,-0.0405951695550776
"109","A",28,0.041970802919708,0.0365214246971615,0.0648427401981904,-0.00544937822254658,-0.0228719372784824,-0.028321315501029
"110","C",28,0.528649635036496,0.520701500632797,0.460577337354589,-0.00794813440369935,0.0680722976819078,0.0601241632782084
"111","G",28,0.403284671532847,0.420719580546013,0.453252908229212,0.0174349090131667,-0.0499682366963649,-0.0325333276831982
"112","T",28,0.0260948905109489,0.0220574941240282,0.0213270142180095,-0.0040373963869207,0.00476787629293942,0.000730479906018724
"113","A",29,0.159671532846715,0.162719218947749,0.14218009478673,0.0030476861010337,0.0174914380599855,0.0205391241610192
"114","C",29,0.429744525547445,0.436449105044296,0.45239121068505,0.00670457949685055,-0.0226466851376043,-0.0159421056407538
"115","G",29,0.087956204379562,0.100162719218948,0.0915553640672124,0.0122065148393857,-0.00359915968765036,0.00860735515173534
"116","T",29,0.322627737226277,0.300668956789007,0.313873330461008,-0.02195878043727,0.00875440676526917,-0.0132043736720008
"117","A",30,0.83448905109489,0.843970348942325,0.861482119775959,0.00948129784743457,-0.0269930686810682,-0.0175117708336336
"118","C",30,0.0116788321167883,0.0124751401193274,0.0010771219302025,0.000796308002539107,0.0106017101865858,0.0113980181891249
"119","G",30,0.0828467153284672,0.0788284216235762,0.0605342524773804,-0.00401829370489096,0.0223124628510867,0.0182941691461958
"120","T",30,0.070985401459854,0.0647260893147713,0.0769065058164584,-0.00625931214508273,-0.00592110435660441,-0.0121804165016871
"121","A",31,0.00711678832116788,0.00307358524679082,0.003015941404567,-0.00404320307437707,0.00410084691660089,5.76438422238185e-05
"122","C",31,0.00164233576642336,0.00108479479298499,0.0002154243860405,-0.000557540973438364,0.00142691138038286,0.000869370406944494
"123","G",31,0.985583941605839,0.992044838184777,0.996553209823352,0.00646089657893734,-0.0109692682175127,-0.00450837163857531
"124","T",31,0.00565693430656934,0.00379678177544748,0.0002154243860405,-0.00186015253112187,0.00544150992052884,0.00358135738940698
"125","A",32,0.447445255474453,0.42144277707467,0.407798362774666,-0.0260024783997825,0.0396468926997865,0.013644414300004
"126","C",32,0.00784671532846715,0.00759356355089496,0.01292546316243,-0.000253151777572198,-0.00507874783396283,-0.00533189961153503
"127","G",32,0.539051094890511,0.567347676731152,0.570443774235243,0.0282965818406408,-0.0313926793447324,-0.00309609750409168
"128","T",32,0.00565693430656934,0.00361598264328331,0.00883239982766049,-0.00204095166328603,-0.00317546552109115,-0.00521641718437718
"129","A",33,0.0558394160583942,0.0560477309708913,0.0691512279190004,0.000208314912497176,-0.0133118118606063,-0.0131034969481091
"130","C",33,0.0198905109489051,0.0292894594105948,0.00947867298578199,0.00939894846168972,0.0104118379631231,0.0198107864248128
"131","G",33,0.532481751824817,0.532453444223468,0.540930633347695,-2.8307601349753e-05,-0.00844888152287748,-0.00847718912422724
"132","T",33,0.391788321167883,0.382209365395046,0.380439465747523,-0.00957895577283707,0.0113488554203606,0.0017698996475235
"133","A",34,0.0135036496350365,0.0195263062737299,0.00538560965101249,0.00602265663869339,0.008118039984024,0.0141406966227174
"134","C",34,0.00346715328467153,0.00216958958596999,0.000430848772081,-0.00129756369870155,0.00303630451259053,0.00173874081388899
"135","G",34,0.976094890510949,0.972337732778883,0.984058595433003,-0.0037571577320662,-0.00796370492205412,-0.0117208626541203
"136","T",34,0.00693430656934307,0.00596637136141747,0.0101249461439035,-0.000967935207925601,-0.00319063957456042,-0.00415857478248602
"137","A",35,0.0244525547445255,0.0300126559392515,0.0290822921154675,0.00556010119472595,-0.00462973737094192,0.00093036382378402
"138","C",35,0.0503649635036496,0.0522509491954439,0.048255062473072,0.00188598569179423,0.00210990103057768,0.00399588672237191
"139","G",35,0.831934306569343,0.831676007955162,0.838216286083585,-0.000258298614181252,-0.00628197951424159,-0.00654027812842284
"140","T",35,0.0932481751824818,0.0860603869101428,0.0844463593278759,-0.00718778827233893,0.00880181585460584,0.00161402758226691
"141","A",36,0.155656934306569,0.162719218947749,0.174062903920724,0.00706228464117969,-0.0184059696141545,-0.0113436849729748
"142","C",36,0.735401459854015,0.706382209365395,0.662860835846618,-0.0290192504886195,0.0725406240073968,0.0435213735187773
"143","G",36,0.0248175182481752,0.0414030012655939,0.0538560965101249,0.0165854830174187,-0.0290385782619498,-0.012453095244531
"144","T",36,0.0841240875912409,0.089495570421262,0.109220163722533,0.0053714828300211,-0.0250960761312925,-0.0197245933012714
"145","A",37,0.475547445255474,0.446031459048997,0.446574752261956,-0.0295159862064779,0.0289726929935184,-0.000543293212959484
"146","C",37,0.0260948905109489,0.0388718134152956,0.0605342524773804,0.0127769229043467,-0.0344393619664315,-0.0216624390620848
"147","G",37,0.44543795620438,0.463930573133249,0.431495045239121,0.0184926169288694,0.0139429109652585,0.0324355278941279
"148","T",37,0.0529197080291971,0.0511661544024589,0.0613959500215424,-0.00175355362673821,-0.00847624199234536,-0.0102297956190836
"149","A",38,0.0928832116788321,0.0889531730247695,0.141964670400689,-0.00393003865406265,-0.0490814587218572,-0.0530114973759199
"150","C",38,0.465510948905109,0.486711263785934,0.402412753123654,0.0212003148808244,0.0630981957814559,0.0842985106622802
"151","G",38,0.388868613138686,0.36503344783945,0.336708315381301,-0.0238351652992358,0.052160297757385,0.0283251324581492
"152","T",38,0.0527372262773723,0.0593021153498463,0.118914261094356,0.00656488907247406,-0.0661770348169836,-0.0596121457445096
"153","A",39,0.133759124087591,0.130898571686856,0.166523050409306,-0.00286055240073535,-0.0327639263217151,-0.0356244787224504
"154","C",39,0.349452554744526,0.366479840896764,0.32313657906075,0.0170272861522382,0.0263159756837759,0.0433432618360141
"155","G",39,0.119343065693431,0.104863496655216,0.16393795777682,-0.0144795690382146,-0.0445948920833897,-0.0590744611216043
"156","T",39,0.397445255474453,0.397758090761164,0.346402412753124,0.000312835286711832,0.0510428427213289,0.0513556780080407
"157","A",40,0.37043795620438,0.335020791900199,0.334554071520896,-0.0354171643041807,0.0358838846834834,0.000466720379302732
"158","C",40,0.252554744525547,0.250225998915205,0.245152951314089,-0.00232874561034224,0.00740179321145867,0.00507304760111643
"159","G",40,0.300729927007299,0.295787380220575,0.286299009047824,-0.00494254678672434,0.014430917959475,0.0094883711727507
"160","T",40,0.0762773722627737,0.118965828964021,0.133993968117191,0.0426884567012472,-0.0577165958544171,-0.0150281391531699
"161","A",41,0.178467153284672,0.180437533899837,0.197328737613098,0.00197038061516575,-0.0188615843284263,-0.0168912037132605
"162","C",41,0.199270072992701,0.206834207195805,0.210469625161568,0.00756413420310473,-0.0111995521688676,-0.00363541796576283
"163","G",41,0.299270072992701,0.299945760260351,0.289099526066351,0.000675687267649994,0.0101705469263501,0.010846234194
"164","T",41,0.322992700729927,0.312782498644007,0.303102111158983,-0.0102102020859205,0.0198905895709438,0.00968038748502331
"165","A",42,0.284124087591241,0.277888266136323,0.291038345540715,-0.0062358214549183,-0.00691425794947437,-0.0131500794043927
"166","C",42,0.212956204379562,0.216416561200506,0.206591986212839,0.0034603568209442,0.00636421816672272,0.00982457498766692
"167","G",42,0.232116788321168,0.230518893509311,0.23718224903059,-0.00159789481185674,-0.00506546070942238,-0.00666335552127911
"168","T",42,0.270802919708029,0.27517627915386,0.265187419215855,0.00437335944583084,0.00561550049217396,0.0099888599380048
"169","A",43,0.212226277372263,0.217501355993491,0.225118483412322,0.00527507862122847,-0.0128922060400595,-0.00761712741883103
"170","C",43,0.178467153284672,0.19182787922618,0.186988367083154,0.0133607259415082,-0.00852121379848228,0.00483951214302591
"171","G",43,0.423905109489051,0.413849213523775,0.402843601895735,-0.010055895965276,0.0210615075933165,0.0110056116280405
"172","T",43,0.185401459854015,0.176821551256554,0.185049547608789,-0.00857990859746063,0.000351912245225294,-0.00822799635223534
"173","A",44,0.234671532846715,0.232507683963117,0.25010771219302,-0.00216384888359836,-0.0154361793463049,-0.0176000282299033
"174","C",44,0.289598540145985,0.28819381666968,0.260232658336924,-0.00140472347630544,0.0293658818090617,0.0279611583327563
"175","G",44,0.28521897810219,0.289640209726993,0.280482550624731,0.00442123162480357,0.00473642747745906,0.00915765910226263
"176","T",44,0.19051094890511,0.18965828964021,0.209177078845325,-0.000852659264899774,-0.0186661299402158,-0.0195187892051156
"177","A",45,0.234124087591241,0.221298137768939,0.232227488151659,-0.0128259498223022,0.00189659943958209,-0.0109293503827201
"178","C",45,0.336861313868613,0.336286385825348,0.308056872037915,-0.000574928043265088,0.0288044418306984,0.0282295137874333
"179","G",45,0.239233576642336,0.242090037967818,0.254631624299871,0.00285646132548198,-0.015398047657535,-0.012541586332053
"180","T",45,0.18978102189781,0.200325438437895,0.205084015510556,0.0105444165400853,-0.0153029936127456,-0.00475857707266031
"181","A",46,0.20492700729927,0.193274272283493,0.214347264110297,-0.011652735015777,-0.00942025681102721,-0.0210729918268042
"182","C",46,0.39051094890511,0.403724462122582,0.365144334338647,0.0132135132174723,0.0253666145664624,0.0385801277839347
"183","G",46,0.164416058394161,0.171939974688121,0.180741059887979,0.0075239162939609,-0.0163250014938187,-0.00880108519985781
"184","T",46,0.24014598540146,0.231061290905804,0.239767341663076,-0.00908469449565619,0.000378643738383588,-0.0087060507572726
"185","A",47,0.239233576642336,0.242994033628639,0.245368375700129,0.00376045698630281,-0.00613479905779349,-0.00237434207149068
"186","C",47,0.338138686131387,0.338636774543482,0.325721671693236,0.00049808841209531,0.0124170144381512,0.0129151028502465
"187","G",47,0.168430656934307,0.165431205930212,0.187634640241275,-0.00299945100409502,-0.0192039833069688,-0.0222034343110638
"188","T",47,0.254197080291971,0.252937985897668,0.24127531236536,-0.00125909439430311,0.012921767926611,0.0116626735323079
"189","A",48,0.338138686131387,0.322364852648707,0.297070228349849,-0.0157738334826796,0.0410684577815377,0.0252946242988581
"190","C",48,0.187591240875912,0.197975049719761,0.229426971133132,0.0103838088438489,-0.0418357302572198,-0.0314519214133709
"191","G",48,0.279197080291971,0.285481829687218,0.263464024127531,0.0062847493952467,0.0157330561644396,0.0220178055596863
"192","T",48,0.19507299270073,0.194178267944314,0.210038776389487,-0.000894724756416054,-0.0149657836887574,-0.0158605084451734
"193","A",49,0.182664233576642,0.187307900922076,0.214993537268419,0.00464366734543326,-0.0323293036917764,-0.0276856363463432
"194","C",49,0.295620437956204,0.3012113541855,0.27574321413184,0.00559091622929553,0.0198772238243647,0.0254681400536602
"195","G",49,0.281751824817518,0.284577834026397,0.272727272727273,0.00282600920887843,0.00902455209024555,0.011850561299124
"196","T",49,0.239963503649635,0.226902910866028,0.236535975872469,-0.0130605927836072,0.00342752777716626,-0.00963306500644093
"197","A",50,0.239416058394161,0.242090037967818,0.235458853942266,0.00267397957365717,0.00395720445189432,0.00663118402555149
"198","C",50,0.251824817518248,0.236485264870729,0.248815165876777,-0.0153395526475196,0.00300965164147096,-0.0123299010060486
"199","G",50,0.277737226277372,0.29253299584162,0.277682033606204,0.0147957695642477,5.51926711679918e-05,0.0148509622354157
"200","T",50,0.231021897810219,0.228891701319834,0.238043946574752,-0.00213019649038532,-0.00702204876453327,-0.00915224525491859
"201","A",51,0.268978102189781,0.253299584161996,0.253123653597587,-0.015678518027785,0.0158544485921938,0.000175930564408788
"202","C",51,0.237773722627737,0.240824444042669,0.235458853942266,0.00305072141493137,0.00231486868547096,0.00536559010040233
"203","G",51,0.253284671532847,0.26215874163804,0.274666092201637,0.00887407010519342,-0.0213814206687905,-0.0125073505635971
"204","T",51,0.239963503649635,0.243717230157295,0.236751400258509,0.0037537265076602,0.00321210339112576,0.00696582989878597
"205","A",52,0.293065693430657,0.290905803652142,0.271865575183111,-0.00215988977851445,0.0212001182475462,0.0190402284690318
"206","C",52,0.21478102189781,0.228349303923341,0.234812580784145,0.0135682820255309,-0.0200315588863345,-0.00646327686080361
"207","G",52,0.242518248175182,0.2361236666064,0.251184834123223,-0.00639458156878217,-0.00866658594804026,-0.0150611675168224
"208","T",52,0.24963503649635,0.244621225818116,0.242137009909522,-0.00501381067823428,0.0074980265868286,0.00248421590859432
"209","A",53,0.255839416058394,0.252757186765504,0.257001292546316,-0.00308222929289065,-0.0011618764879221,-0.00424410578081275
"210","C",53,0.240510948905109,0.233773277888266,0.24558380008617,-0.00673767101684336,-0.00507285118106027,-0.0118105221979036
"211","G",53,0.235583941605839,0.25131079370819,0.250753985351142,0.0157268521023508,-0.0151700437453023,0.000556808357048466
"212","T",53,0.268065693430657,0.26215874163804,0.246660922016372,-0.0059069517926168,0.0214047714142847,0.0154978196216679
"213","A",54,0.238686131386861,0.235942867474236,0.249030590262818,-0.00274326391262519,-0.0103444588759564,-0.0130877227885816
"214","C",54,0.247445255474453,0.244440426685952,0.247307195174494,-0.00300482878850067,0.000138060299958803,-0.00286676848854187
"215","G",54,0.298540145985401,0.310070511661544,0.290607496768634,0.0115303656761426,0.00793264921676723,0.0194630148929098
"216","T",54,0.215328467153285,0.209546194178268,0.213054717794054,-0.00578227297501671,0.00227374935923036,-0.00350852361578635
"217","A",55,0.251824817518248,0.245706020611101,0.244075829383886,-0.00611879690714714,0.00774898813436195,0.00163019122721481
"218","C",55,0.252737226277372,0.253661182426324,0.264541146057734,0.000923956148952076,-0.0118039197803614,-0.0108799636314094
"219","G",55,0.275547445255474,0.288736214066173,0.283067643257217,0.013188768810698,-0.00752019800174225,0.00566857080895578
"220","T",55,0.219890510948905,0.211896582896402,0.208315381301163,-0.00799392805250301,0.0115751296477418,0.00358120159523881
"221","A",56,0.250729927007299,0.250768396311698,0.248168892718656,3.84693043984363e-05,0.00256103428864354,0.00259950359304198
"222","C",56,0.263868613138686,0.265413126016995,0.252046531667385,0.00154451287830898,0.0118220814713014,0.0133665943496104
"223","G",56,0.280839416058394,0.273549086964383,0.266264541146058,-0.00729032909401162,0.0145748749123364,0.00728454581832483
"224","T",56,0.20456204379562,0.210269390706925,0.233520034467902,0.00570734691130417,-0.0289579906722813,-0.0232506437609772
"225","A",57,0.247445255474453,0.249322003254384,0.244291253769927,0.00187674777993183,0.00315400170452582,0.00503074948445764
"226","C",57,0.260948905109489,0.259627553787742,0.248384317104696,-0.00132135132174721,0.0125645880047928,0.0112432366830456
"227","G",57,0.269525547445255,0.267944313867293,0.277251184834123,-0.00158123357796203,-0.00772563738886772,-0.00930687096682975
"228","T",57,0.222080291970803,0.22310612909058,0.230073244291254,0.00102583711977744,-0.00799295232045086,-0.00696711520067342
"229","A",58,0.232299270072993,0.222563731694088,0.228996122361051,-0.00973553837890484,0.00330314771194143,-0.00643239066696341
"230","C",58,0.273357664233577,0.281142650515278,0.263679448513572,0.00778498628170088,0.00967821572000493,0.0174632020017058
"231","G",58,0.260583941605839,0.266136322545652,0.278759155536407,0.00555238093981236,-0.0181752139305673,-0.012622832990755
"232","T",58,0.233759124087591,0.230157295244983,0.22856527358897,-0.00360182884260843,0.00519385049862098,0.00159202165601255
"233","A",59,0.241240875912409,0.241728439703489,0.261309780267126,0.00048756379108067,-0.0200689043547175,-0.0195813405636368
"234","C",59,0.262408759124088,0.273549086964383,0.255708746230073,0.011140327840295,0.00670001289401434,0.0178403407343093
"235","G",59,0.268065693430657,0.269752305188935,0.261956053425248,0.00168661175827817,0.0061096400054092,0.00779625176368737
"236","T",59,0.228284671532847,0.214970168143193,0.221025420077553,-0.0133145033896538,0.00725925145529394,-0.00605525193435985
"237","A",60,0.249270072992701,0.23178448743446,0.239551917277036,-0.0174855855582404,0.00971815571566498,-0.00776742984257545
"238","C",60,0.25529197080292,0.263785933827518,0.257432141318397,0.00849396302459793,-0.00214017051547755,0.00635379250912038
"239","G",60,0.268613138686131,0.270113903453263,0.269065058164584,0.00150076476713201,-0.0004519194784528,0.00104884528867921
"240","T",60,0.226824817518248,0.234315675284759,0.233950883239983,0.00749085776651046,-0.00712606572173458,0.00036479204477588
"241","A",61,0.247445255474453,0.220755740372446,0.250969409737182,-0.0266895151020063,-0.00352415426272967,-0.030213669364736
"242","C",61,0.269343065693431,0.274091484360875,0.253554502369668,0.00474841866744441,0.0157885633237624,0.0205369819912068
"243","G",61,0.257481751824818,0.280419453986621,0.267772511848341,0.0229377021618034,-0.0102907600235237,0.0126469421382797
"244","T",61,0.225729927007299,0.224733321280058,0.227703576044808,-0.000996605727241417,-0.00197364903750899,-0.00297025476475041
