"","Nucleotide","Position","Gained","Stable","Lost","lost-stable","Gained-stable"
"1","A",1,0.28379588182632,0.253275109170306,0.191164658634538,-0.0621104505357675,0.0305207726560148
"2","C",1,0.190689346463742,0.273362445414847,0.276305220883534,0.00294277546868699,-0.082673098951105
"3","G",1,0.216651745747538,0.231441048034935,0.307630522088353,0.0761894740534189,-0.0147893022873965
"4","T",1,0.308863025962399,0.241921397379913,0.224899598393574,-0.0170217989863384,0.0669416285824866
"5","A",2,0.265890778871979,0.215720524017467,0.201606425702811,-0.014114098314656,0.0501702548545113
"6","C",2,0.210384959713518,0.234061135371179,0.272289156626506,0.038228021255327,-0.0236761756576607
"7","G",2,0.249776186213071,0.301310043668122,0.30281124497992,0.00150120131179743,-0.0515338574550515
"8","T",2,0.273948075201432,0.248908296943231,0.223293172690763,-0.0256151242524684,0.0250397782582009
"9","A",3,0.309758281110116,0.223580786026201,0.199196787148594,-0.0243839988776065,0.0861774950839155
"10","C",3,0.183527305282005,0.248034934497817,0.273895582329317,0.0258606478315007,-0.0645076292158112
"11","G",3,0.22829006266786,0.28296943231441,0.297991967871486,0.0150225355570755,-0.0546793696465501
"12","T",3,0.278424350940018,0.245414847161572,0.228915662650602,-0.0164991845109697,0.0330095037784458
"13","A",4,0.304386750223814,0.234934497816594,0.224899598393574,-0.0100348994230196,0.0694522524072199
"14","C",4,0.186213070725157,0.265502183406114,0.285943775100402,0.0204415916942881,-0.0792891126809569
"15","G",4,0.215756490599821,0.265502183406114,0.279518072289157,0.0140158888830431,-0.0497456928062926
"16","T",4,0.293643688451209,0.234061135371179,0.209638554216867,-0.0244225811543116,0.0595825530800295
"17","A",5,0.280214861235452,0.263755458515284,0.233734939759036,-0.0300205187562477,0.0164594027201682
"18","C",5,0.217547000895255,0.239301310043668,0.261847389558233,0.0225460795145648,-0.021754309148413
"19","G",5,0.2408236347359,0.2882096069869,0.29718875502008,0.00897914803318073,-0.0473859722509998
"20","T",5,0.261414503133393,0.208733624454148,0.207228915662651,-0.00150470879149786,0.0526808786792446
"21","A",6,0.282900626678603,0.246288209606987,0.213654618473896,-0.0326335911330913,0.0366124170716165
"22","C",6,0.23455684870188,0.267248908296943,0.282730923694779,0.0154820153978358,-0.0326920595950632
"23","G",6,0.217547000895255,0.279475982532751,0.299598393574297,0.0201224110415461,-0.0619289816374959
"24","T",6,0.264995523724261,0.206986899563319,0.204016064257028,-0.00297083530629066,0.0580086241609427
"25","A",7,0.282900626678603,0.203493449781659,0.216867469879518,0.0133740200978587,0.079407176896944
"26","C",7,0.181736794986571,0.267248908296943,0.26425702811245,-0.00299188018449348,-0.0855121133103721
"27","G",7,0.214861235452104,0.272489082969432,0.283534136546185,0.0110450535767525,-0.0576278475173285
"28","T",7,0.320501342882722,0.256768558951965,0.235341365461847,-0.0214271934901177,0.0637327839307565
"29","A",8,0.231871083258729,0.175545851528384,0.195983935742972,0.0204380842145876,0.0563252317303445
"30","C",8,0.164726947179946,0.215720524017467,0.25140562248996,0.0356850984724926,-0.050993576837521
"31","G",8,0.29632945389436,0.348471615720524,0.355823293172691,0.00735167745216669,-0.0521421618261642
"32","T",8,0.307072515666965,0.260262008733624,0.196787148594378,-0.0634748601392469,0.0468105069333407
"33","A",9,0.21307072515667,0.19825327510917,0.2,0.00174672489082969,0.0148174500474993
"34","C",9,0.244404655326768,0.255021834061135,0.303614457831325,0.0485926237701899,-0.0106171787343672
"35","G",9,0.282005371530886,0.327510917030568,0.301204819277108,-0.0263060977534592,-0.0455055454996814
"36","T",9,0.260519247985676,0.219213973799127,0.195180722891566,-0.0240332509075604,0.0413052741865493
"37","A",10,0.327663384064458,0.253275109170306,0.241767068273092,-0.0115080408972133,0.0743882748941527
"38","C",10,0.249776186213071,0.324017467248908,0.312449799196787,-0.0115676680521211,-0.0742412810358375
"39","G",10,0.174574753804834,0.2,0.253815261044177,0.0538152610441767,-0.0254252461951656
"40","T",10,0.247985675917637,0.222707423580786,0.191967871485944,-0.0307395520948422,0.0252782523368505
"41","A",11,0.357206803939123,0.3117903930131,0.262650602409639,-0.0491397906034619,0.0454164109260222
"42","C",11,0.190689346463742,0.214847161572052,0.253012048192771,0.0381648866207187,-0.0241578151083102
"43","G",11,0.221128021486124,0.282096069868996,0.277911646586345,-0.00418442328265028,-0.0609680483828721
"44","T",11,0.230975828111012,0.191266375545852,0.206425702811245,0.0151593272653935,0.0397094525651601
"45","A",12,0.26857654431513,0.246288209606987,0.206425702811245,-0.0398625067957419,0.0222883347081429
"46","C",12,0.17905102954342,0.208733624454148,0.244176706827309,0.0354430823731608,-0.0296825949107286
"47","G",12,0.20680393912265,0.265502183406114,0.294779116465863,0.0292769330597499,-0.0586982442834636
"48","T",12,0.3455684870188,0.279475982532751,0.254618473895582,-0.0248575086371687,0.0660925044860493
"49","A",13,0.222023276633841,0.186899563318777,0.197590361445783,0.0106907981270058,0.0351237133150633
"50","C",13,0.143240823634736,0.190393013100437,0.224096385542169,0.033703372441732,-0.0471521894657008
"51","G",13,0.247985675917637,0.252401746724891,0.283534136546185,0.0311323898212939,-0.00441607080725431
"52","T",13,0.386750223813787,0.370305676855895,0.294779116465863,-0.0755265603900317,0.0164445469578917
"53","A",14,0.250671441360788,0.224454148471616,0.219277108433735,-0.00517704003788078,0.0262172928891721
"54","C",14,0.223813786929275,0.226200873362445,0.243373493975904,0.0171726206134582,-0.00238708643317057
"55","G",14,0.202327663384064,0.268122270742358,0.303614457831325,0.0354921870889672,-0.0657946073582936
"56","T",14,0.323187108325873,0.281222707423581,0.233734939759036,-0.0474877676645447,0.0419644009022921
"57","A",15,0.248880931065354,0.191266375545852,0.188755020080321,-0.00251135546553025,0.0576145555195021
"58","C",15,0.327663384064458,0.386026200873362,0.344578313253012,-0.0414478876203504,-0.058362816808904
"59","G",15,0.163831692032229,0.2,0.236947791164659,0.0369477911646586,-0.0361683079677708
"60","T",15,0.259623992837959,0.222707423580786,0.229718875502008,0.00701145192122202,0.0369165692571728
"61","A",16,0.244404655326768,0.207860262008734,0.198393574297189,-0.00946668771154485,0.0365443933180345
"62","C",16,0.292748433303491,0.314410480349345,0.29718875502008,-0.0172217253292647,-0.0216620470458535
"63","G",16,0.175470008952551,0.211353711790393,0.272289156626506,0.060935444836113,-0.0358837028378415
"64","T",16,0.287376902417189,0.266375545851528,0.232128514056225,-0.0342470317953035,0.0210013565656605
"65","A",17,0.280214861235452,0.233187772925764,0.235341365461847,0.00215359253608319,0.0470270883096879
"66","C",17,0.267681289167413,0.2882096069869,0.29718875502008,0.00897914803318073,-0.0205283178194868
"67","G",17,0.20680393912265,0.277729257641921,0.262650602409639,-0.0150786552322829,-0.0709253185192714
"68","T",17,0.245299910474485,0.200873362445415,0.204819277108434,0.00394591466301888,0.0444265480290704
"69","A",18,0.275738585496867,0.243668122270742,0.236947791164659,-0.00672033110608372,0.0320704632261242
"70","C",18,0.252461951656222,0.283842794759825,0.287550200803213,0.00370740604338754,-0.0313808431036033
"71","G",18,0.221128021486124,0.261135371179039,0.255421686746988,-0.00571368443205134,-0.0400073496929158
"72","T",18,0.250671441360788,0.211353711790393,0.220080321285141,0.00872660949474757,0.0393177295703948
"73","A",19,0.282900626678603,0.235807860262009,0.210441767068273,-0.0253660931937356,0.0470927664165947
"74","C",19,0.222023276633841,0.269868995633188,0.317269076305221,0.0474000806720331,-0.0478457189993471
"75","G",19,0.214861235452104,0.255021834061135,0.260240963855422,0.00521912979428629,-0.0401605986090315
"76","T",19,0.280214861235452,0.239301310043668,0.212048192771084,-0.0272531172725838,0.040913551191784
"77","A",20,0.282005371530886,0.251528384279476,0.244176706827309,-0.00735167745216675,0.0304769872514103
"78","C",20,0.199641897940913,0.255021834061135,0.244176706827309,-0.0108451272338261,-0.0553799361202222
"79","G",20,0.176365264100269,0.217467248908297,0.259437751004016,0.0419705020957191,-0.0411019848080284
"80","T",20,0.341987466427932,0.275982532751092,0.252208835341365,-0.0237736974097262,0.0660049336768403
"81","A",21,0.252461951656222,0.241048034934498,0.211244979919679,-0.0298030550148191,0.0114139167217242
"82","C",21,0.202327663384064,0.229694323144105,0.255421686746988,0.0257273636028831,-0.0273666597600404
"83","G",21,0.230975828111012,0.274235807860262,0.295582329317269,0.0213465214570071,-0.0432599797492504
"84","T",21,0.314234556848702,0.255021834061135,0.237751004016064,-0.0172708300450711,0.0592127227875665
"85","A",22,0.163831692032229,0.165938864628821,0.175903614457831,0.00996474982901036,-0.00210717259659177
"86","C",22,0.323187108325873,0.28646288209607,0.28433734939759,-0.00212553269847948,0.036724226229803
"87","G",22,0.137869292748433,0.20174672489083,0.230522088353414,0.0287753634625839,-0.0638774321423964
"88","T",22,0.375111906893465,0.345851528384279,0.309236947791165,-0.0366145805931148,0.0292603785091852
"89","A",23,0.273948075201432,0.246288209606987,0.199196787148594,-0.0470914224583925,0.0276598655944455
"90","C",23,0.179946284691137,0.194759825327511,0.208032128514056,0.0132723031865453,-0.0148135406363739
"91","G",23,0.26230975828111,0.339737991266376,0.346184738955823,0.00644674768944775,-0.0774282329852654
"92","T",23,0.28379588182632,0.219213973799127,0.246586345381526,0.0273723715823995,0.0645819080271939
"93","A",24,0.316920322291853,0.260262008733624,0.216064257028112,-0.044197751705512,0.0566583135582288
"94","C",24,0.090420769919427,0.105676855895197,0.197590361445783,0.0919135055505866,-0.0152560859757695
"95","G",24,0.375111906893465,0.464628820960699,0.406425702811245,-0.0582031181494537,-0.0895169140672341
"96","T",24,0.217547000895255,0.16943231441048,0.179919678714859,0.0104873643043791,0.0481146864847748
"97","A",25,0.0975828111011638,0.0882096069868996,0.109236947791165,0.0210273408042651,0.00937320411426427
"98","C",25,0.805729632945389,0.77292576419214,0.657028112449799,-0.115897651742341,0.0328038687532497
"99","G",25,0.0438675022381379,0.0672489082969432,0.121285140562249,0.0540362322653058,-0.0233814060588054
"100","T",25,0.0528200537153089,0.0716157205240175,0.112449799196787,0.0408340786727697,-0.0187956668087086
"101","A",26,0.0026857654431513,0.00349344978165939,0.0152610441767068,0.0117675943950474,-0.00080768433850809
"102","C",26,0.996418979409132,0.993013100436681,0.979919678714859,-0.0130934217218218,0.00340587897245037
"103","G",26,0.000895255147717099,0.00349344978165939,0.000803212851405623,-0.00269023693025377,-0.00259819463394229
"104","T",26,0,0,0.00401606425702811,0.00401606425702811,0
"105","A",27,0.749328558639212,0.6882096069869,0.630522088353414,-0.057687518633486,0.0611189516523126
"106","C",27,0.0214861235452104,0.0445414847161572,0.0779116465863454,0.0333701618701882,-0.0230553611709468
"107","G",27,0.0367054610564011,0.0943231441048035,0.0811244979919679,-0.0131986461128356,-0.0576176830484024
"108","T",27,0.192479856759176,0.17292576419214,0.210441767068273,0.0375160028761334,0.0195540925670366
"109","A",28,0.0313339301700985,0.0541484716157205,0.0650602409638554,0.0109117693481349,-0.022814541445622
"110","C",28,0.574753804834378,0.500436681222707,0.418473895582329,-0.0819627856403781,0.0743171236116703
"111","G",28,0.375111906893465,0.43056768558952,0.470682730923695,0.0401150453341751,-0.055455778696055
"112","T",28,0.0188003581020591,0.0148471615720524,0.0457831325301205,0.0309359709580681,0.00395319653000669
"113","A",29,0.162041181736795,0.146724890829694,0.181526104417671,0.0348012135879764,0.0153162909071007
"114","C",29,0.341987466427932,0.432314410480349,0.416867469879518,-0.0154469406008313,-0.0903269440524174
"115","G",29,0.0617726051924799,0.103930131004367,0.136546184738956,0.032616053734589,-0.0421575258118869
"116","T",29,0.434198746642793,0.31703056768559,0.265060240963855,-0.0519703267217341,0.117168178957204
"117","A",30,0.828111011638317,0.835807860262009,0.762248995983936,-0.073558864278073,-0.0076968486236918
"118","C",30,0.0017905102954342,0.0104803493449782,0.0313253012048193,0.0208449518598411,-0.00868983904954397
"119","G",30,0.102954341987466,0.0847161572052402,0.0899598393574297,0.00524368215218955,0.0182381847822263
"120","T",30,0.0671441360787825,0.0689956331877729,0.116465863453815,0.0474702302660423,-0.00185149710899046
"121","A",31,0.0026857654431513,0.00698689956331878,0.00481927710843374,-0.00216762245488504,-0.00430113412016748
"122","C",31,0.0026857654431513,0.000873362445414847,0.000803212851405623,-7.01495940092247e-05,0.00181240299773645
"123","G",31,0.991047448522829,0.992139737991266,0.992771084337349,0.000631346346082973,-0.00109228946843742
"124","T",31,0.0035810205908684,0,0.00160642570281125,0.00160642570281125,0.0035810205908684
"125","A",32,0.50940017905103,0.419213973799127,0.394377510040161,-0.024836463758966,0.0901862052519029
"126","C",32,0.00984780662488809,0.0174672489082969,0.01285140562249,-0.00461584328580698,-0.00761944228340885
"127","G",32,0.479856759176365,0.558951965065502,0.570281124497992,0.0113291594324898,-0.0790952058891369
"128","T",32,0.000895255147717099,0.00436681222707424,0.0224899598393574,0.0181231476122832,-0.00347155707935714
"129","A",33,0.0734109221128021,0.0716157205240175,0.0642570281124498,-0.00735869241156767,0.00179520158878468
"130","C",33,0.00895255147717099,0.0104803493449782,0.01285140562249,0.00237105627751179,-0.00152779786780717
"131","G",33,0.514771709937332,0.568558951965065,0.572690763052209,0.00413181108714333,-0.0537872420277333
"132","T",33,0.402864816472695,0.349344978165939,0.350200803212851,0.000855825046912562,0.0535198383067559
"133","A",34,0.0295434198746643,0.0200873362445415,0.0224899598393574,0.00240262359481595,0.00945608363012279
"134","C",34,0,0.000873362445414847,0.00160642570281125,0.000733063257396398,-0.000873362445414847
"135","G",34,0.940913160250671,0.970305676855895,0.973493975903614,0.00318829904771922,-0.0293925166052238
"136","T",34,0.0295434198746643,0.00873362445414847,0.00240963855421687,-0.0063239858999316,0.0208097954205158
"137","A",35,0.0376007162041182,0.0349344978165939,0.0763052208835341,0.0413707230669403,0.00266621838752429
"138","C",35,0.0349149507609669,0.0393013100436681,0.0514056224899598,0.0121043124462917,-0.00438635928270125
"139","G",35,0.862130707251567,0.85764192139738,0.768674698795181,-0.0889672226021992,0.00448878585418677
"140","T",35,0.0653536257833483,0.0681222707423581,0.103614457831325,0.0354921870889672,-0.00276864495900982
"141","A",36,0.309758281110116,0.167685589519651,0.112449799196787,-0.0552357903228635,0.142072691590466
"142","C",36,0.576544315129812,0.699563318777293,0.742168674698795,0.0426053559215026,-0.123019003647481
"143","G",36,0.0384959713518353,0.0541484716157205,0.0377510040160643,-0.0163974675996563,-0.0156525002638853
"144","T",36,0.0752014324082363,0.0786026200873362,0.107630522088353,0.0290279020010172,-0.0034011876790999
"145","A",37,0.329453894359893,0.420087336244541,0.614457831325301,0.19437049508076,-0.0906334418846489
"146","C",37,0.128021486123545,0.0716157205240175,0.01285140562249,-0.0587643149015275,0.0564057655995278
"147","G",37,0.423455684870188,0.463755458515284,0.340562248995984,-0.1231932095193,-0.0402997736450958
"148","T",37,0.119068934646374,0.0445414847161572,0.0321285140562249,-0.0124129706599323,0.074527449930217
"149","A",38,0.154879140555058,0.0943231441048035,0.0497991967871486,-0.0445239473176549,0.0605559964502547
"150","C",38,0.334825425246195,0.526637554585153,0.414457831325301,-0.112179723259852,-0.191812129338958
"151","G",38,0.207699194270367,0.3117903930131,0.518875502008032,0.207085108994932,-0.104091198742733
"152","T",38,0.30259623992838,0.0672489082969432,0.0168674698795181,-0.0503814384174252,0.235347331631436
"153","A",39,0.264100268576544,0.137991266375546,0.0506024096385542,-0.0873888567369916,0.126109002200998
"154","C",39,0.20053715308863,0.352838427947598,0.481927710843373,0.129089282895775,-0.152301274858968
"155","G",39,0.198746642793196,0.116157205240175,0.0803212851405622,-0.0358359200996124,0.0825894375530214
"156","T",39,0.336615935541629,0.393013100436681,0.38714859437751,-0.00586450605917116,-0.0563971648950518
"157","A",40,0.265890778871979,0.345851528384279,0.473895582329317,0.128044053945038,-0.0799607495123009
"158","C",40,0.181736794986571,0.234061135371179,0.202409638554217,-0.0316514968169622,-0.0523243403846079
"159","G",40,0.239033124440466,0.317903930131004,0.293975903614458,-0.0239280265165465,-0.0788708056905388
"160","T",40,0.313339301700985,0.102183406113537,0.029718875502008,-0.0724645306115291,0.211155895587448
"161","A",41,0.25604297224709,0.191266375545852,0.155823293172691,-0.0354430823731608,0.0647765967012389
"162","C",41,0.253357206803939,0.227947598253275,0.119678714859438,-0.108268883393837,0.025409608550664
"163","G",41,0.186213070725157,0.282096069868996,0.482730923694779,0.200634853825783,-0.095882999143839
"164","T",41,0.304386750223814,0.298689956331878,0.241767068273092,-0.0569228880587854,0.00569679389193606
"165","A",42,0.281110116383169,0.2882096069869,0.342168674698795,0.0539590677118956,-0.00709949060373039
"166","C",42,0.241718889883617,0.203493449781659,0.177510040160643,-0.0259834096210168,0.0382254401019574
"167","G",42,0.205013428827216,0.250655021834061,0.182329317269076,-0.0683257045649848,-0.0456415930068454
"168","T",42,0.272157564905998,0.25764192139738,0.297991967871486,0.0403500464741061,0.0145156435086183
"169","A",43,0.284691136974038,0.218340611353712,0.134939759036145,-0.0834008523175672,0.0663505256203258
"170","C",43,0.254252461951656,0.19825327510917,0.113253012048193,-0.0850002630609775,0.0559991868424859
"171","G",43,0.188003581020591,0.393886462882096,0.64578313253012,0.251896669648024,-0.205882881861505
"172","T",43,0.273052820053715,0.189519650655022,0.106024096385542,-0.0834955542694797,0.0835331693986935
"173","A",44,0.285586392121755,0.210480349344978,0.320481927710843,0.110001578365865,0.0751060427767765
"174","C",44,0.231871083258729,0.271615720524017,0.22570281124498,-0.0459129092790375,-0.0397446372652887
"175","G",44,0.208594449418084,0.303930131004367,0.306024096385542,0.00209396538117534,-0.0953356815862827
"176","T",44,0.273948075201432,0.213973799126638,0.147791164658635,-0.066182634468003,0.0599742760747948
"177","A",45,0.287376902417189,0.197379912663755,0.175100401606426,-0.0222795110573298,0.0899969897534334
"178","C",45,0.178155774395703,0.351091703056769,0.324497991967871,-0.0265937110888971,-0.172935928661066
"179","G",45,0.267681289167413,0.248908296943231,0.346987951807229,0.0980796548639975,0.0187729922241813
"180","T",45,0.266786034019696,0.202620087336245,0.153413654618474,-0.0492064327177706,0.0641659466834511
"181","A",46,0.275738585496867,0.221834061135371,0.155020080321285,-0.066813980814086,0.0539045243614954
"182","C",46,0.163831692032229,0.353711790393013,0.526907630522088,0.173195840129075,-0.189880098360784
"183","G",46,0.309758281110116,0.157205240174672,0.138152610441767,-0.0190526297329054,0.152553040935444
"184","T",46,0.250671441360788,0.267248908296943,0.179919678714859,-0.0873292295820838,-0.0165774669361554
"185","A",47,0.232766338406446,0.254148471615721,0.248192771084337,-0.00595570053138317,-0.0213821332092747
"186","C",47,0.196060877350045,0.316157205240175,0.415261044176707,0.0991038389365322,-0.12009632789013
"187","G",47,0.318710832587287,0.182532751091703,0.11566265060241,-0.0668701004892934,0.136178081495584
"188","T",47,0.252461951656222,0.247161572052402,0.220883534136546,-0.0262780379158556,0.00530037960382029
"189","A",48,0.272157564905998,0.302183406113537,0.383132530120482,0.0809491240069448,-0.0300258412075389
"190","C",48,0.241718889883617,0.202620087336245,0.162248995983936,-0.0403710913523088,0.0390988025473723
"191","G",48,0.211280214861235,0.280349344978166,0.299598393574297,0.0192490485961312,-0.0690691301169305
"192","T",48,0.274843330349149,0.214847161572052,0.155020080321285,-0.0598270812507673,0.0599961687770971
"193","A",49,0.282005371530886,0.206113537117904,0.164658634538153,-0.0414549025797513,0.0758918344129824
"194","C",49,0.237242614145031,0.304803493449782,0.312449799196787,0.00764630574700553,-0.0675608793047503
"195","G",49,0.209489704565801,0.263755458515284,0.283534136546185,0.0197786780309009,-0.0542657539494826
"196","T",49,0.271262309758281,0.225327510917031,0.239357429718875,0.0140299188018449,0.0459347988412505
"197","A",50,0.300805729632945,0.260262008733624,0.239357429718875,-0.0209045790147489,0.040543720899321
"198","C",50,0.221128021486124,0.261135371179039,0.24578313253012,-0.0153522386489188,-0.0400073496929158
"199","G",50,0.230975828111012,0.262008733624454,0.32289156626506,0.0608828326406061,-0.0310329055134425
"200","T",50,0.247090420769919,0.216593886462882,0.191967871485944,-0.0246260149769383,0.0304965343070373
"201","A",51,0.275738585496867,0.251528384279476,0.24578313253012,-0.0057452517493555,0.0242102012173906
"202","C",51,0.222023276633841,0.247161572052402,0.23855421686747,-0.00860735518493186,-0.0251382954185611
"203","G",51,0.237242614145031,0.276855895196507,0.308433734939759,0.0315778397432525,-0.0396132810514752
"204","T",51,0.264995523724261,0.224454148471616,0.207228915662651,-0.0172252328089651,0.0405413752526457
"205","A",52,0.276633840644584,0.276855895196507,0.318072289156626,0.0412163939601199,-0.000222054551922868
"206","C",52,0.230080572963295,0.248034934497817,0.249799196787149,0.00176426228933199,-0.0179543615345221
"207","G",52,0.20053715308863,0.235807860262009,0.240160642570281,0.00435278230827241,-0.0352707071733785
"208","T",52,0.292748433303491,0.239301310043668,0.191967871485944,-0.0473334385577243,0.0534471232598234
"209","A",53,0.267681289167413,0.271615720524017,0.253012048192771,-0.0186036723312464,-0.00393443135660471
"210","C",53,0.232766338406446,0.243668122270742,0.233734939759036,-0.00993318251170622,-0.0109017838642965
"211","G",53,0.232766338406446,0.241048034934498,0.26425702811245,0.023208993177952,-0.00828169652805197
"212","T",53,0.266786034019696,0.243668122270742,0.248995983935743,0.0053278616650006,0.0231179117489533
"213","A",54,0.282900626678603,0.226200873362445,0.228915662650602,0.00271478928815699,0.056699753316158
"214","C",54,0.238137869292748,0.237554585152838,0.2714859437751,0.033931358622262,0.000583284139910017
"215","G",54,0.225604297224709,0.306550218340611,0.338955823293173,0.0324056049525613,-0.0809459211159023
"216","T",54,0.253357206803939,0.229694323144105,0.160642570281124,-0.0690517528629803,0.0236628836598343
"217","A",55,0.276633840644584,0.25589519650655,0.248192771084337,-0.00770242542221289,0.0207386441380334
"218","C",55,0.239033124440466,0.260262008733624,0.262650602409639,0.00238859367601413,-0.0212288842931589
"219","G",55,0.21307072515667,0.275982532751092,0.292369477911647,0.0163869451605549,-0.0629118075944221
"220","T",55,0.271262309758281,0.207860262008734,0.196787148594378,-0.0110731134143561,0.0634020477495475
"221","A",56,0.2408236347359,0.234061135371179,0.232128514056225,-0.00193262131495414,0.0067624993647207
"222","C",56,0.259623992837959,0.25589519650655,0.265863453815261,0.00996825730871082,0.0037287963314086
"223","G",56,0.226499552372426,0.281222707423581,0.314859437751004,0.0336367303274232,-0.0547231550511547
"224","T",56,0.273052820053715,0.22882096069869,0.18714859437751,-0.0416723663211799,0.0442318593550253
"225","A",57,0.29006266786034,0.255021834061135,0.23855421686747,-0.0164676171936655,0.0350408337992048
"226","C",57,0.204118173679499,0.254148471615721,0.259437751004016,0.00528927938829554,-0.0500302979362219
"227","G",57,0.217547000895255,0.261135371179039,0.29718875502008,0.036053383841041,-0.0435883702837842
"228","T",57,0.288272157564906,0.229694323144105,0.204819277108434,-0.0248750460356711,0.0585778344208012
"229","A",58,0.244404655326768,0.222707423580786,0.226506024096386,0.00379860051559952,0.0216972317459821
"230","C",58,0.22829006266786,0.271615720524017,0.267469879518072,-0.00414584100594517,-0.0433256578561571
"231","G",58,0.243509400179051,0.270742358078603,0.304417670682731,0.0336753126041283,-0.0272329578995516
"232","T",58,0.28379588182632,0.234934497816594,0.201606425702811,-0.0333280721137827,0.0488613840097266
"233","A",59,0.281110116383169,0.241921397379913,0.231325301204819,-0.0105960961750934,0.0391887190032565
"234","C",59,0.219337511190689,0.265502183406114,0.283534136546185,0.0180319531400712,-0.0461646722154242
"235","G",59,0.236347358997314,0.275982532751092,0.295582329317269,0.0195997965661774,-0.0396351737537775
"236","T",59,0.263205013428827,0.216593886462882,0.189558232931727,-0.0270356535311552,0.0466111269659451
"237","A",60,0.288272157564906,0.223580786026201,0.22570281124498,0.00212202521877905,0.0646913715387051
"238","C",60,0.196060877350045,0.262008733624454,0.275502008032128,0.0134932744076743,-0.0659478562744094
"239","G",60,0.238137869292748,0.285589519650655,0.292369477911647,0.00677995826099154,-0.0474516503579066
"240","T",60,0.277529095792301,0.22882096069869,0.206425702811245,-0.022395257887445,0.0487081350936108
"241","A",61,0.297224709042077,0.220087336244541,0.218473895582329,-0.00161344066221217,0.0771373727975355
"242","C",61,0.209489704565801,0.261135371179039,0.277911646586345,0.0167762754073061,-0.051645666613238
"243","G",61,0.239033124440466,0.300436681222707,0.295582329317269,-0.00485435190543837,-0.0614035567822419
"244","T",61,0.254252461951656,0.218340611353712,0.208032128514056,-0.0103084828396556,0.0359118505979444
